{
    "mae_home": 1.0201445817947388,
    "mae_away": 0.8375409841537476,
    "rmse_home": 1.3478945756347014,
    "rmse_away": 1.1199915448789248,
    "mae_general": 0.9288427829742432,
    "rmse_general": 1.233943060256813,
    "accuracy_1x2": 0.5934622001821678
}
