{
    "mae_home": 1.0220072269439697,
    "mae_away": 0.8371610641479492,
    "rmse_home": 1.3508680466873335,
    "rmse_away": 1.1198642914161363,
    "mae_general": 0.9295841455459595,
    "rmse_general": 1.2353661690517348,
    "accuracy_1x2": 0.5932854687025988
}
